sentence_type,item_id,condition,critical_region_text,aggregated_surprisal_bits,original_full_sentence
subject_pg_full,1,minusF_minusG1_minusG2,the campaign,9.29540678,The investigators know that the story about the politician is likely to damage the campaign severely.
subject_pg_full,1,minusF_minusG1_plusG2,severely,25.52769527,The investigators know that the story about the politician is likely to damage severely.
subject_pg_full,1,minusF_plusG1_minusG2,the campaign,11.09084941,The investigators know that the story about is likely to damage the campaign severely.
subject_pg_full,1,minusF_plusG1_plusG2,severely,24.63574761,The investigators know that the story about is likely to damage severely.
subject_pg_full,1,plusF_minusG1_minusG2,the campaign,10.41187095,The investigators know who the story about the politician is likely to damage the campaign severely.
subject_pg_full,1,plusF_minusG1_plusG2,severely,23.18840565,The investigators know who the story about the politician is likely to damage severely.
subject_pg_full,1,plusF_plusG1_minusG2,the campaign,11.44854545,The investigators know who the story about is likely to damage the campaign severely.
subject_pg_full,1,plusF_plusG1_plusG2,severely,26.39843674,The investigators know who the story about is likely to damage severely.
subject_pg_full,10,minusF_minusG1_minusG2,Ben,23.15931515,It is clear that the description of the consultant might disturb Ben eventually.
subject_pg_full,10,minusF_minusG1_plusG2,eventually,26.36043327,It is clear that the description of the consultant might disturb eventually.
subject_pg_full,10,minusF_plusG1_minusG2,Ben,21.41814237,It is clear that the description of might disturb Ben eventually.
subject_pg_full,10,minusF_plusG1_plusG2,eventually,24.86197951,It is clear that the description of might disturb eventually.
subject_pg_full,10,plusF_minusG1_minusG2,Ben,21.89543495,It is clear who the description of the consultant might disturb Ben eventually.
subject_pg_full,10,plusF_minusG1_plusG2,eventually,24.40491785,It is clear who the description of the consultant might disturb eventually.
subject_pg_full,10,plusF_plusG1_minusG2,Ben,19.33474214,It is clear who the description of might disturb Ben eventually.
subject_pg_full,10,plusF_plusG1_plusG2,eventually,23.96408651,It is clear who the description of might disturb eventually.
subject_pg_full,2,minusF_minusG1_minusG2,the director,12.10602342,The audience believed that the picture of the actor might have flattered the director greatly.
subject_pg_full,2,minusF_minusG1_plusG2,greatly,27.30544325,The audience believed that the picture of the actor might have flattered greatly.
subject_pg_full,2,minusF_plusG1_minusG2,the director,15.07660464,The audience believed that the picture of might have flattered the director greatly.
subject_pg_full,2,minusF_plusG1_plusG2,greatly,25.83294645,The audience believed that the picture of might have flattered greatly.
subject_pg_full,2,plusF_minusG1_minusG2,the director,13.54812551,The audience believed who the picture of the actor might have flattered the director greatly.
subject_pg_full,2,plusF_minusG1_plusG2,greatly,23.50059909,The audience believed who the picture of the actor might have flattered greatly.
subject_pg_full,2,plusF_plusG1_minusG2,the director,16.06683301,The audience believed who the picture of might have flattered the director greatly.
subject_pg_full,2,plusF_plusG1_plusG2,greatly,25.50369315,The audience believed who the picture of might have flattered greatly.
subject_pg_full,3,minusF_minusG1_minusG2,the CEO,18.86743878,The board understood that the critique of the new project would probably anger the CEO immensely.
subject_pg_full,3,minusF_minusG1_plusG2,immensely,26.36907934,The board understood that the critique of the new project would probably anger immensely.
subject_pg_full,3,minusF_plusG1_minusG2,the CEO,17.08559499,The board understood that the critique of would probably anger the CEO immensely.
subject_pg_full,3,minusF_plusG1_plusG2,immensely,24.77493595,The board understood that the critique of would probably anger immensely.
subject_pg_full,3,plusF_minusG1_minusG2,the CEO,21.62094778,The board understood who the critique of the new project would probably anger the CEO immensely.
subject_pg_full,3,plusF_minusG1_plusG2,immensely,26.95995818,The board understood who the critique of the new project would probably anger immensely.
subject_pg_full,3,plusF_plusG1_minusG2,the CEO,17.47871497,The board understood who the critique of would probably anger the CEO immensely.
subject_pg_full,3,plusF_plusG1_plusG2,immensely,26.56651216,The board understood who the critique of would probably anger immensely.
subject_pg_full,4,minusF_minusG1_minusG2,the lawyer,18.07632109,The witness recalled that the discussion about the defendant seemed to concern the lawyer deeply.
subject_pg_full,4,minusF_minusG1_plusG2,deeply,21.74692536,The witness recalled that the discussion about the defendant seemed to concern deeply.
subject_pg_full,4,minusF_plusG1_minusG2,the lawyer,19.32482505,The witness recalled that the discussion about seemed to concern the lawyer deeply.
subject_pg_full,4,minusF_plusG1_plusG2,deeply,21.96013405,The witness recalled that the discussion about seemed to concern deeply.
subject_pg_full,4,plusF_minusG1_minusG2,the lawyer,21.28948571,The witness recalled who the discussion about the defendant seemed to concern the lawyer deeply.
subject_pg_full,4,plusF_minusG1_plusG2,deeply,22.79079746,The witness recalled who the discussion about the defendant seemed to concern deeply.
subject_pg_full,4,plusF_plusG1_minusG2,the lawyer,20.67976529,The witness recalled who the discussion about seemed to concern the lawyer deeply.
subject_pg_full,4,plusF_plusG1_plusG2,deeply,22.78399515,The witness recalled who the discussion about seemed to concern deeply.
subject_pg_full,5,minusF_minusG1_minusG2,Leo,26.37962400,It is clear that the picture of the artist might delight Leo soon.
subject_pg_full,5,minusF_minusG1_plusG2,soon,21.97915165,It is clear that the picture of the artist might delight soon.
subject_pg_full,5,minusF_plusG1_minusG2,Leo,22.77912173,It is clear that the picture of might delight Leo soon.
subject_pg_full,5,minusF_plusG1_plusG2,soon,22.03975206,It is clear that the picture of might delight soon.
subject_pg_full,5,plusF_minusG1_minusG2,Leo,29.82631334,It is clear who the picture of the artist might delight Leo soon.
subject_pg_full,5,plusF_minusG1_plusG2,soon,21.19753699,It is clear who the picture of the artist might delight soon.
subject_pg_full,5,plusF_plusG1_minusG2,Leo,23.80184824,It is clear who the picture of might delight Leo soon.
subject_pg_full,5,plusF_plusG1_plusG2,soon,21.39539252,It is clear who the picture of might delight soon.
subject_pg_full,6,minusF_minusG1_minusG2,Sara,27.12763108,I know that the critique of the writer is likely to anger Sara eventually.
subject_pg_full,6,minusF_minusG1_plusG2,eventually,23.41679438,I know that the critique of the writer is likely to anger eventually.
subject_pg_full,6,minusF_plusG1_minusG2,Sara,27.45243656,I know that the critique of is likely to anger Sara eventually.
subject_pg_full,6,minusF_plusG1_plusG2,eventually,22.35609036,I know that the critique of is likely to anger eventually.
subject_pg_full,6,plusF_minusG1_minusG2,Sara,28.33001785,I know who the critique of the writer is likely to anger Sara eventually.
subject_pg_full,6,plusF_minusG1_plusG2,eventually,20.40678718,I know who the critique of the writer is likely to anger eventually.
subject_pg_full,6,plusF_plusG1_minusG2,Sara,26.22638093,I know who the critique of is likely to anger Sara eventually.
subject_pg_full,6,plusF_plusG1_plusG2,eventually,19.38386879,I know who the critique of is likely to anger eventually.
subject_pg_full,7,minusF_minusG1_minusG2,Tom,13.43659797,She heard that the rumor about the director is going to please Tom soon.
subject_pg_full,7,minusF_minusG1_plusG2,soon,20.89836821,She heard that the rumor about the director is going to please soon.
subject_pg_full,7,minusF_plusG1_minusG2,Tom,15.00244290,She heard that the rumor about is going to please Tom soon.
subject_pg_full,7,minusF_plusG1_plusG2,soon,20.27916494,She heard that the rumor about is going to please soon.
subject_pg_full,7,plusF_minusG1_minusG2,Tom,20.96023818,She heard who the rumor about the director is going to please Tom soon.
subject_pg_full,7,plusF_minusG1_plusG2,soon,15.95923248,She heard who the rumor about the director is going to please soon.
subject_pg_full,7,plusF_plusG1_minusG2,Tom,16.63594302,She heard who the rumor about is going to please Tom soon.
subject_pg_full,7,plusF_plusG1_plusG2,soon,17.42630186,She heard who the rumor about is going to please soon.
subject_pg_full,8,minusF_minusG1_minusG2,Paul,17.75626641,They believe that the discussion about the critic is expected to concern Paul eventually.
subject_pg_full,8,minusF_minusG1_plusG2,eventually,26.34356528,They believe that the discussion about the critic is expected to concern eventually.
subject_pg_full,8,minusF_plusG1_minusG2,Paul,18.28237113,They believe that the discussion about is expected to concern Paul eventually.
subject_pg_full,8,minusF_plusG1_plusG2,eventually,25.16050197,They believe that the discussion about is expected to concern eventually.
subject_pg_full,8,plusF_minusG1_minusG2,Paul,20.82492493,They believe who the discussion about the critic is expected to concern Paul eventually.
subject_pg_full,8,plusF_minusG1_plusG2,eventually,21.86292526,They believe who the discussion about the critic is expected to concern eventually.
subject_pg_full,8,plusF_plusG1_minusG2,Paul,19.32778691,They believe who the discussion about is expected to concern Paul eventually.
subject_pg_full,8,plusF_plusG1_plusG2,eventually,21.84552780,They believe who the discussion about is expected to concern eventually.
subject_pg_full,9,minusF_minusG1_minusG2,Nina,29.60230176,The report suggested that the painting of the professor will probably fascinate Nina soon.
subject_pg_full,9,minusF_minusG1_plusG2,soon,20.67999179,The report suggested that the painting of the professor will probably fascinate soon.
subject_pg_full,9,minusF_plusG1_minusG2,Nina,28.34532196,The report suggested that the painting of will probably fascinate Nina soon.
subject_pg_full,9,minusF_plusG1_plusG2,soon,20.96950894,The report suggested that the painting of will probably fascinate soon.
subject_pg_full,9,plusF_minusG1_minusG2,Nina,29.40503196,The report suggested who the painting of the professor will probably fascinate Nina soon.
subject_pg_full,9,plusF_minusG1_plusG2,soon,16.86771775,The report suggested who the painting of the professor will probably fascinate soon.
subject_pg_full,9,plusF_plusG1_minusG2,Nina,27.71977516,The report suggested who the painting of will probably fascinate Nina soon.
subject_pg_full,9,plusF_plusG1_plusG2,soon,18.05487255,The report suggested who the painting of will probably fascinate soon.
